{
  "dataset": "PASCAL VOC",
  "models_evaluated": [
    "Faster R-CNN",
    "Mask R-CNN",
    "RetinaNet"
  ],
  "evaluation_summary": {
    "detection_performance": {
      "Faster R-CNN": {
        "mAP": 0.0,
        "mAP_50": 0.0,
        "mAP_75": 0.0,
        "precision": 0.4,
        "recall": 0.3,
        "f1_score": 0.34285714285714286,
        "avg_inference_time": 4.063811368942261,
        "fps": 0.4921488274000683
      },
      "Mask R-CNN": {
        "mAP": 0.0,
        "mAP_50": 0.0,
        "mAP_75": 0.0,
        "precision": 0.4,
        "recall": 0.3,
        "f1_score": 0.34285714285714286,
        "avg_inference_time": 6.269307785034179,
        "fps": 0.3190144859013484
      },
      "RetinaNet": {
        "mAP": 0.0,
        "mAP_50": 0.0,
        "mAP_75": 0.0,
        "precision": 0.4,
        "recall": 0.3,
        "f1_score": 0.34285714285714286,
        "avg_inference_time": 3.652486581802368,
        "fps": 0.5475721690435542
      }
    },
    "computational_efficiency": {
      "Faster R-CNN": {
        "model_size_mb": 158.32052612304688,
        "peak_memory_mb": 316.64105224609375,
        "memory_efficiency": 0.5
      },
      "Mask R-CNN": {
        "model_size_mb": 168.34599685668945,
        "peak_memory_mb": 336.6919937133789,
        "memory_efficiency": 0.5
      },
      "RetinaNet": {
        "model_size_mb": 124.62268447875977,
        "peak_memory_mb": 249.24536895751953,
        "memory_efficiency": 0.5
      }
    },
    "robustness": {
      "Faster R-CNN": {
        "noise_robustness": 0.5041044292276129,
        "blur_robustness": 0.36331124815137045,
        "brightness_robustness": 0.368383818756405,
        "scale_robustness": 0.4037325506325052
      },
      "Mask R-CNN": {
        "noise_robustness": 0.5053101464986955,
        "blur_robustness": 0.34853859237336876,
        "brightness_robustness": 0.30306660253325346,
        "scale_robustness": 0.39912916716866453
      },
      "RetinaNet": {
        "noise_robustness": 0,
        "blur_robustness": 0,
        "brightness_robustness": 0,
        "scale_robustness": 0
      }
    }
  },
  "detailed_results": {
    "Faster R-CNN": {
      "detection_performance": {
        "mAP": 0.0,
        "mAP_50": 0.0,
        "mAP_75": 0.0,
        "precision": 0.4,
        "recall": 0.3,
        "f1_score": 0.34285714285714286,
        "per_class_ap": {},
        "avg_inference_time": 4.063811368942261,
        "fps": 0.4921488274000683
      },
      "computational_efficiency": {
        "model_size_mb": 158.32052612304688,
        "peak_memory_mb": 316.64105224609375,
        "memory_efficiency": 0.5
      },
      "robustness": {
        "noise_robustness": 0.5041044292276129,
        "blur_robustness": 0.36331124815137045,
        "brightness_robustness": 0.368383818756405,
        "scale_robustness": 0.4037325506325052
      }
    },
    "Mask R-CNN": {
      "detection_performance": {
        "mAP": 0.0,
        "mAP_50": 0.0,
        "mAP_75": 0.0,
        "precision": 0.4,
        "recall": 0.3,
        "f1_score": 0.34285714285714286,
        "per_class_ap": {},
        "avg_inference_time": 6.269307785034179,
        "fps": 0.3190144859013484
      },
      "computational_efficiency": {
        "model_size_mb": 168.34599685668945,
        "peak_memory_mb": 336.6919937133789,
        "memory_efficiency": 0.5
      },
      "robustness": {
        "noise_robustness": 0.5053101464986955,
        "blur_robustness": 0.34853859237336876,
        "brightness_robustness": 0.30306660253325346,
        "scale_robustness": 0.39912916716866453
      }
    },
    "RetinaNet": {
      "detection_performance": {
        "mAP": 0.0,
        "mAP_50": 0.0,
        "mAP_75": 0.0,
        "precision": 0.4,
        "recall": 0.3,
        "f1_score": 0.34285714285714286,
        "per_class_ap": {},
        "avg_inference_time": 3.652486581802368,
        "fps": 0.5475721690435542
      },
      "computational_efficiency": {
        "model_size_mb": 124.62268447875977,
        "peak_memory_mb": 249.24536895751953,
        "memory_efficiency": 0.5
      },
      "robustness": {
        "noise_robustness": 0,
        "blur_robustness": 0,
        "brightness_robustness": 0,
        "scale_robustness": 0
      }
    }
  },
  "comparative_analysis": {
    "performance_ranking": {
      "Faster R-CNN": 0.0,
      "Mask R-CNN": 0.0,
      "RetinaNet": 0.0
    },
    "efficiency_ranking": {
      "RetinaNet": 0.5475721690435542,
      "Faster R-CNN": 0.4921488274000683,
      "Mask R-CNN": 0.3190144859013484
    },
    "trade_offs": {
      "Faster R-CNN": {
        "accuracy_speed_ratio": 0.0,
        "efficiency_score": 0.0,
        "memory_performance_ratio": 0.0
      },
      "Mask R-CNN": {
        "accuracy_speed_ratio": 0.0,
        "efficiency_score": 0.0,
        "memory_performance_ratio": 0.0
      },
      "RetinaNet": {
        "accuracy_speed_ratio": 0.0,
        "efficiency_score": 0.0,
        "memory_performance_ratio": 0.0
      }
    },
    "evolution_insights": [
      "R-CNN establishes CNN-based object detection paradigm",
      "Fast R-CNN introduces shared computation and end-to-end training",
      "Faster R-CNN achieves real-time performance with learnable region proposals",
      "Each evolution trades architectural complexity for improved performance"
    ]
  },
  "recommendations": {
    "use_cases": {
      "high_accuracy_required": "Use Faster R-CNN for maximum detection accuracy",
      "real_time_applications": "Use RetinaNet for real-time performance",
      "resource_constrained": "Use RetinaNet for limited computational resources",
      "research_development": "R-CNN for understanding fundamentals, Faster R-CNN for practical applications"
    },
    "optimization_suggestions": {
      "data_augmentation": "Implement robust data augmentation for improved generalization",
      "transfer_learning": "Use pre-trained backbones and fine-tune on target domain",
      "model_pruning": "Apply network pruning for deployment optimization",
      "quantization": "Use INT8 quantization for inference acceleration"
    },
    "deployment_considerations": {
      "edge_deployment": "Consider RetinaNet for edge devices with limited resources",
      "cloud_deployment": "Use Faster R-CNN for cloud-based high-accuracy applications",
      "batch_processing": "Optimize batch sizes based on memory constraints and throughput requirements",
      "model_serving": "Implement model caching and warm-up for consistent inference times"
    }
  }
}