{
  "dataset": "PASCAL VOC",
  "models_evaluated": [
    "Faster R-CNN",
    "Mask R-CNN",
    "RetinaNet"
  ],
  "evaluation_summary": {
    "detection_performance": {
      "Faster R-CNN": {
        "mAP": 0.0,
        "mAP_50": 0.0,
        "mAP_75": 0.0,
        "precision": 0.4,
        "recall": 0.3,
        "f1_score": 0.34285714285714286,
        "avg_inference_time": 0.2595047354698181,
        "fps": 3.8534942269533485
      },
      "Mask R-CNN": {
        "mAP": 0.0,
        "mAP_50": 0.0,
        "mAP_75": 0.0,
        "precision": 0.4,
        "recall": 0.3,
        "f1_score": 0.34285714285714286,
        "avg_inference_time": 2.463087350130081,
        "fps": 0.405994533627558
      },
      "RetinaNet": {
        "mAP": 0.0,
        "mAP_50": 0.0,
        "mAP_75": 0.0,
        "precision": 0.4,
        "recall": 0.3,
        "f1_score": 0.34285714285714286,
        "avg_inference_time": 1.7414880096912384,
        "fps": 0.5742215820235809
      }
    },
    "computational_efficiency": {
      "Faster R-CNN": {
        "model_size_mb": 72.77070617675781,
        "peak_memory_mb": 145.54141235351562,
        "memory_efficiency": 0.5
      },
      "Mask R-CNN": {
        "model_size_mb": 168.34599685668945,
        "peak_memory_mb": 336.6919937133789,
        "memory_efficiency": 0.5
      },
      "RetinaNet": {
        "model_size_mb": 124.62268447875977,
        "peak_memory_mb": 249.24536895751953,
        "memory_efficiency": 0.5
      }
    },
    "robustness": {
      "Faster R-CNN": {
        "noise_robustness": 0,
        "blur_robustness": 1,
        "brightness_robustness": 1,
        "scale_robustness": 1
      },
      "Mask R-CNN": {
        "noise_robustness": 0.9892897976915674,
        "blur_robustness": 0.49229516274497925,
        "brightness_robustness": 0.4557090549398849,
        "scale_robustness": 0.7571148869709025
      },
      "RetinaNet": {
        "noise_robustness": 0,
        "blur_robustness": 0,
        "brightness_robustness": 0,
        "scale_robustness": 0
      }
    }
  },
  "detailed_results": {
    "Faster R-CNN": {
      "detection_performance": {
        "mAP": 0.0,
        "mAP_50": 0.0,
        "mAP_75": 0.0,
        "precision": 0.4,
        "recall": 0.3,
        "f1_score": 0.34285714285714286,
        "per_class_ap": {},
        "avg_inference_time": 0.2595047354698181,
        "fps": 3.8534942269533485
      },
      "computational_efficiency": {
        "model_size_mb": 72.77070617675781,
        "peak_memory_mb": 145.54141235351562,
        "memory_efficiency": 0.5
      },
      "robustness": {
        "noise_robustness": 0,
        "blur_robustness": 1,
        "brightness_robustness": 1,
        "scale_robustness": 1
      }
    },
    "Mask R-CNN": {
      "detection_performance": {
        "mAP": 0.0,
        "mAP_50": 0.0,
        "mAP_75": 0.0,
        "precision": 0.4,
        "recall": 0.3,
        "f1_score": 0.34285714285714286,
        "per_class_ap": {},
        "avg_inference_time": 2.463087350130081,
        "fps": 0.405994533627558
      },
      "computational_efficiency": {
        "model_size_mb": 168.34599685668945,
        "peak_memory_mb": 336.6919937133789,
        "memory_efficiency": 0.5
      },
      "robustness": {
        "noise_robustness": 0.9892897976915674,
        "blur_robustness": 0.49229516274497925,
        "brightness_robustness": 0.4557090549398849,
        "scale_robustness": 0.7571148869709025
      }
    },
    "RetinaNet": {
      "detection_performance": {
        "mAP": 0.0,
        "mAP_50": 0.0,
        "mAP_75": 0.0,
        "precision": 0.4,
        "recall": 0.3,
        "f1_score": 0.34285714285714286,
        "per_class_ap": {},
        "avg_inference_time": 1.7414880096912384,
        "fps": 0.5742215820235809
      },
      "computational_efficiency": {
        "model_size_mb": 124.62268447875977,
        "peak_memory_mb": 249.24536895751953,
        "memory_efficiency": 0.5
      },
      "robustness": {
        "noise_robustness": 0,
        "blur_robustness": 0,
        "brightness_robustness": 0,
        "scale_robustness": 0
      }
    }
  },
  "comparative_analysis": {
    "performance_ranking": {
      "Faster R-CNN": 0.0,
      "Mask R-CNN": 0.0,
      "RetinaNet": 0.0
    },
    "efficiency_ranking": {
      "Faster R-CNN": 3.8534942269533485,
      "RetinaNet": 0.5742215820235809,
      "Mask R-CNN": 0.405994533627558
    },
    "trade_offs": {
      "Faster R-CNN": {
        "accuracy_speed_ratio": 0.0,
        "efficiency_score": 0.0,
        "memory_performance_ratio": 0.0
      },
      "Mask R-CNN": {
        "accuracy_speed_ratio": 0.0,
        "efficiency_score": 0.0,
        "memory_performance_ratio": 0.0
      },
      "RetinaNet": {
        "accuracy_speed_ratio": 0.0,
        "efficiency_score": 0.0,
        "memory_performance_ratio": 0.0
      }
    },
    "evolution_insights": [
      "R-CNN establishes CNN-based object detection paradigm",
      "Fast R-CNN introduces shared computation and end-to-end training",
      "Faster R-CNN achieves real-time performance with learnable region proposals",
      "Each evolution trades architectural complexity for improved performance"
    ]
  },
  "recommendations": {
    "use_cases": {
      "high_accuracy_required": "Use Faster R-CNN for maximum detection accuracy",
      "real_time_applications": "Use Faster R-CNN for real-time performance",
      "resource_constrained": "Use Faster R-CNN for limited computational resources",
      "research_development": "R-CNN for understanding fundamentals, Faster R-CNN for practical applications"
    },
    "optimization_suggestions": {
      "data_augmentation": "Implement robust data augmentation for improved generalization",
      "transfer_learning": "Use pre-trained backbones and fine-tune on target domain",
      "model_pruning": "Apply network pruning for deployment optimization",
      "quantization": "Use INT8 quantization for inference acceleration"
    },
    "deployment_considerations": {
      "edge_deployment": "Consider Faster R-CNN for edge devices with limited resources",
      "cloud_deployment": "Use Faster R-CNN for cloud-based high-accuracy applications",
      "batch_processing": "Optimize batch sizes based on memory constraints and throughput requirements",
      "model_serving": "Implement model caching and warm-up for consistent inference times"
    }
  }
}